"","x"
"1","NR17F10C2aP011"
"2","NR17F79C2aP007"
"3","IITA.TMS.IBA30572"
"4","TMEB7"
"5","TMEB419"
"6","NR17F40C2aP004"
"7","NR17F10C2aP001"
"8","NR17F10C2aP036"
"9","NR17F10C2aP016"
"10","NR17F10C2aP006"
"11","NR17F96C2aP005"
"12","NR17F10C2aP021"
"13","NR17F10C2aP025"
"14","NR17F10C2aP017"
"15","NR17F10C2aP002"
"16","NR17F13C2aP001"
"17","NR17F61C2aP008"
"18","NR17F60C2aP003"
"19","NR17F54C2aP005"
"20","NR17F54C2aP001"
"21","NR17F9C2aP013"
"22","NR17F46C2aP005"
"23","NR17F12C2aP001"
"24","NR17F54C2aP010"
"25","NR17F66C2aP014"
"26","NR17F66C2aP002"
"27","NR17F65C2aP024"
"28","NR17F94C2aP013"
"29","NR17F54C2aP015"
"30","NR17F54C2aP002"
"31","NR17F46C2aP012"
"32","NR17F65C2aP031"
"33","NR17F6C2aP006"
"34","NR17F66C2aP003"
"35","NR17F65C2aP010"
"36","NR17F93C2aP010"
"37","NR17F18C2aP015"
"38","NR17F89C2aP102"
"39","NR17F65C2aP027"
"40","NR17F95C2aP009"
"41","NR17F54C2aP012"
"42","NR17F95C2aP011"
"43","NR17F39C2aP002"
"44","NR17F65C2aP020"
"45","NR17F95C2aP015"
"46","NR17F7C2aP065"
"47","NR17F35C2aP004"
"48","NR17F65C2aP009"
"49","NR17F65C2aP017"
"50","NR17F18C2aP008"
"51","NR17F16C2aP004"
"52","NR17F7C2aP008"
"53","NR17F9C2aP010"
"54","NR17F18C2aP018"
"55","NR17F7C2aP058"
"56","NR17F16C2aP010"
"57","NR17F7C2aP046"
"58","NR17F19C2aP002"
"59","NR17F7C2aP071"
"60","NR17F16C2aP003"
"61","NR17F91C2aP011"
"62","NR17F7C2aP067"
"63","NR17F7C2aP062"
"64","NR17F7C2aP030"
"65","NR17F91C2aP004"
"66","NR17F16C2aP013"
"67","NR17F90C2aP007"
"68","NR17F7C2aP052"
"69","NR17F7C2aP036"
"70","NR17F15C2aP033"
"71","NR17F7C2aP040"
"72","NR17F7C2aP017"
"73","NR17F7C2aP018"
"74","NR17F7C2aP007"
"75","NR17F91C2aP001"
"76","NR17F7C2aP023"
"77","NR17F15C2aP032"
"78","NR17F7C2aP043"
"79","NR17F89C2aP084"
"80","NR17F89C2aP067"
"81","NR17F7C2aP013"
"82","NR17F7C2aP070"
"83","NR17F21C2aP004"
"84","NR17F7C2aP050"
"85","NR17F90C2aP008"
"86","NR17F93C2aP009"
"87","NR17F7C2aP034"
"88","NR17F84C2aP004"
"89","NR17F90C2aP001"
"90","NR17F89C2aP041"
"91","NR17F89C2aP088"
"92","NR17F6C2aP005"
"93","NR17F79C2aP008"
"94","NR17F6C2aP007"
"95","NR17F87C2aP010"
"96","NR17F70C2aP008"
"97","NR17F33C2aP002"
"98","NR17F28C2aP002"
"99","NR17F7C2aP011"
"100","NR17F79C2aP001"
"101","NR17F89C2aP028"
"102","NR17F29C2aP001"
"103","NR17F70C2aP007"
"104","NR17F83C2aP010"
"105","NR17F6C2aP030"
"106","NR17F81C2aP003"
"107","NR17F89C2aP021"
"108","NR17F89C2aP018"
"109","NR17F61C2aP015"
"110","NR17F6C2aP044"
"111","NR17F61C2aP004"
"112","NR17F6C2aP037"
"113","NR17F89C2aP003"
"114","NR17F89C2aP002"
"115","NR17F89C2aP009"
"116","NR17F89C2aP010"
"117","NR17F89C2aP056"
"118","NR17F89C2aP014"
"119","NR17F89C2aP008"
"120","NR17F61C2aP007"
"121","NR17F89C2aP034"
"122","NR17F89C2aP013"
"123","NR17F61C2aP011"
"124","NR17F89C2aP045"
"125","NR17F60C2aP009"
"126","NR17F6C2aP045"
"127","NR17F81C2aP002"
"128","NR17F82C2aP002"
"129","NR17F6C2aP046"
"130","NR17F62C2aP015"
"131","NR17F60C2aP015"
"132","NR17F61C2aP003"
"133","NR17F15C2aP003"
"134","NR17F61C2aP010"
"135","NR17F27C2aP001"
"136","NR17F60C2aP010"
"137","NR17F62C2aP027"
"138","NR17F61C2aP002"
"139","NR17F60C2aP006"
"140","NR17F87C2aP011"
"141","NR17F60C2aP019"
"142","NR17F60C2aP020"
"143","NR17F61C2aP009"
"144","NR17F60C2aP007"
"145","NR17F37C2aP001"
"146","NR17F89C2aP050"
"147","NR17F61C2aP006"
"148","NR17F15C2aP041"
"149","NR17F61C2aP016"
"150","NR17F62C2aP024"
"151","NR17F61C2aP013"
"152","NR17F89C2aP054"
"153","NR17F62C2aP020"
"154","NR17F60C2aP012"
"155","NR17F79C2aP016"
"156","NR17F33C2aP003"
"157","NR17F89C2aP091"
"158","NR17F15C2aP016"
"159","NR17F14C2aP014"
"160","NR17F15C2aP022"
"161","NR17F96C2aP004"
"162","NR17F82C2aP005"
"163","NR17F89C2aP058"
"164","NR17F82C2aP008"
"165","NR17F95C2aP021"
"166","NR17F92C2aP005"
"167","NR17F91C2aP006"
"168","NR17F92C2aP002"
"169","NR17F89C2aP071"
"170","NR17F92C2aP003"
"171","NR17F114C2aP004"
"172","NR17F89C2aP069"
"173","NR17F121C2aP005"
"174","NR17F89C2aP096"
"175","NR17F118C2aP001"
"176","NR17F120C2aP002"
"177","NR17F97C2aP002"
"178","NR17F114C2aP002"
"179","NR17F92C2aP001"
"180","NR17F91C2aP008"
"181","NR17F121C2aP001"
"182","NR17F83C2aP018"
"183","NR17F98C2aP001"
"184","NR17F79C2aP005"
"185","NR17F69C2aP009"
"186","NR17F103C2aP001"
"187","NR17F89C2aP020"
"188","NR17F5C2aP026"
"189","NR17F5C2aP022"
"190","NR17F71C2aP001"
"191","NR17F49C2aP006"
"192","NR17F1C2aP003"
"193","NR17F1C2aP006"
"194","NR17F1C2aP009"
"195","NR17F5C2aP017"
"196","NR17F15C2aP011"
"197","NR17F3C2aP010"
"198","NR8082"
