sn,Genotype,Swelling index,swelling power,wac%,AverageBD
1,IITA-TMS-IBA30572,3,7.234,598,0.79
2,NR17C2aF103P001,2.96,7.729,536,0.76
3,NR17C2aF10P001,2.917,8.621,588,0.845
4,NR17C2aF10P002,3.2,8.109,617,0.76
5,NR17C2aF10P006,3.083,7.299,539,0.75
6,NR17C2aF10P011,2.6,9.979,602,0.714
7,NR17C2aF10P016,3.04,7.784,655,0.741
8,NR17C2aF10P017,3.182,9.167,526,0.833
9,NR17C2aF10P021,2.807,8.033,630,0.726
10,NR17C2aF10P025,4,7.192,574,0.75
11,NR17C2aF114P002,2.917,8.483,502,0.732
12,NR17C2aF114P004,3.571,7.724,650,0.834
13,NR17C2aF120P002,3.571,6.636,563,0.682
14,NR17C2aF121P005,3,9.286,658,0.667
15,NR17C2aF12P001,2.692,8.573,577,0.723
16,NR17C2aF13P001,2.167,8.923,491,0.834
17,NR17C2aF14P016,3.043,6,512,0.845
18,NR17C2aF15P003,3.16,6.677,634,0.75
19,NR17C2aF15P011,2.96,9.565,582,0.683
20,NR17C2aF15P016,2.44,6.674,502,0.845
21,NR17C2aF15P022,2.76,8.566,576,0.753
22,NR17C2aF15P032,2.64,7.032,507,0.779
23,NR17C2aF15P041,2.6,7.925,538,0.682
24,NR17C2aF16P003,2.6,6.713,549,0.938
25,NR17C2aF16P010,3,8.835,529,0.79
26,NR17C2aF16P013,2.538,7,572,0.741
27,NR17C2aF18P008,2.8,6.732,500,0.811
28,NR17C2aF18P015,3,6.918,547,0.789
29,NR17C2aF18P018,2.556,9.633,561,0.811
30,NR17C2aF19P002,3.429,7.198,486,0.8
31,NR17C2aF1P003,3.286,7.885,496,0.834
32,NR17C2aF1P006,3.087,7.537,612,0.759
33,NR17C2aF1P009,2.84,7.543,577,0.79
34,NR17C2aF21P004,2.308,7.163,486,0.857
35,NR17C2aF28P002,3.125,9.865,526,0.8
36,NR17C2aF29P001,2.625,10.309,429,0.811
37,NR17C2aF33P002,3.091,6.835,556,0.883
38,NR17C2aF33P003,3.2,6.51,518,0.75
39,NR17C2aF35P004,2.979,8.724,609.5,0.788
40,NR17C2aF39P002,2.739,10.043,439,0.858
41,NR17C2aF40P004,3,8.945,650,0.78
42,NR17C2aF46P012,2.792,7.106,531,0.811
43,NR17C2aF49P006,2.609,9.152,499,0.834
44,NR17C2aF54P001,3.5,8.072,545,0.857
45,NR17C2aF54P002,3.125,8.787,605,0.757
46,NR17C2aF54P005,3.19,7.258,558,0.779
47,NR17C2aF54P010,3.04,10.149,592,0.769
48,NR17C2aF54P012,3.636,9.531,633,0.78
49,NR17C2aF5P017,2.8,9.924,526,0.77
50,NR17C2aF5P026,2.708,9.626,475,0.8
51,NR17C2aF60P003,2.692,10.022,616,0.78
52,NR17C2aF60P006,2.8,7.153,524,0.822
53,NR17C2aF60P007,3.381,6.711,540,0.857
54,NR17C2aF60P009,3.043,8.598,473,0.822
55,NR17C2aF60P010,2.857,8.642,524,0.779
56,NR17C2aF60P012,2.615,8.755,598,0.75
57,NR17C2aF60P015,3.35,8.607,652.5,0.801
58,NR17C2aF60P019,2.654,6.802,218,0.811
59,NR17C2aF60P020,3.364,8.5,536,0.667
60,NR17C2aF61P002,3.12,8.702,694,0.75
61,NR17C2aF61P004,2.8,7.532,503,0.765
62,NR17C2aF61P006,3.333,8.316,608,0.833
63,NR17C2aF61P007,2.88,6.796,604,0.79
64,NR17C2aF61P009,2.88,9.667,549,0.769
65,NR17C2aF61P010,3.55,7.295,596,0.857
66,NR17C2aF61P011,2.8,6.168,504,0.883
67,NR17C2aF61P013,3.043,7.531,554,0.82
68,NR17C2aF61P015,2.167,9.494,579,0.896
69,NR17C2aF62P015,2.84,8.688,533,0.779
70,NR17C2aF62P020,3.81,8.032,560,0.791
71,NR17C2aF62P024,2.937,8.286,560.5,0.781
72,NR17C2aF65P009,2.958,9.07,564,0.779
73,NR17C2aF65P017,2.8,7.609,539,0.77
74,NR17C2aF65P020,2,6.268,477,0.952
75,NR17C2aF65P024,2.792,9.448,456,0.714
76,NR17C2aF65P027,3.261,6.413,520,0.857
77,NR17C2aF66P014,2.037,7.247,496,0.845
78,NR17C2aF69P009,2.792,7.084,551,0.761
79,NR17C2aF6P005,2.64,7.947,563,0.653
80,NR17C2aF6P007,3.381,7.293,560,0.769
81,NR17C2aF6P030,2.962,7.457,580,0.75
82,NR17C2aF6P044,2.86,8.614,597,0.763
83,NR17C2aF6P045,2.6,7.564,565,0.76
84,NR17C2aF6P046,3.034,8.03,621,0.706
85,NR17C2aF70P001,2.455,8.438,591.5,0.739
86,NR17C2aF70P007,3.5,6.84,482,0.834
87,NR17C2aF70P008,3.432,7.148,509,0.75
88,NR17C2aF79P001,3.5,7.204,552,0.8
89,NR17C2aF79P005,3,8.75,548,0.801
90,NR17C2aF79P007,2.48,9.648,535.5,0.751
91,NR17C2aF79P016,2.913,8.722,596,0.811
92,NR17C2aF7P007,3,6.865,477,0.822
93,NR17C2aF7P008,3.5,7.253,583,0.732
94,NR17C2aF7P023,2.857,7.699,511,0.789
95,NR17C2aF7P030,3.05,6.469,488,0.822
96,NR17C2aF7P044,3.2,8.461,619,0.683
97,NR17C2aF7P045,2.955,8.758,536,0.761
98,NR17C2aF7P052,2.8,9.809,534,0.801
99,NR17C2aF7P058,3.077,8.582,583,0.714
100,NR17C2aF7P062,2.692,6.818,552,0.8
101,NR17C2aF7P065,2.9,7.699,559,0.8
102,NR17C2aF7P067,3.222,7.831,579.5,0.691
103,NR17C2aF7P070,2.697,8.46,530.5,0.786
104,NR17C2aF7P071,2.381,8.44,365,0.858
105,NR17C2aF81P002,2.92,7.214,638,0.638
106,NR17C2aF81P003,2.8,8.011,608,0.801
107,NR17C2aF82P002,3.12,9.213,637,0.834
108,NR17C2aF82P008,3.478,7.642,645,0.682
109,NR17C2aF83P018,2.28,9.587,516,0.801
110,NR17C2aF84P004,3.333,9.323,596,0.822
111,NR17C2aF87P010,3.095,6.458,514,0.857
112,NR17C2aF87P011,3.003,7.891,613,0.702
113,NR17C2aF89P008,1.964,10.211,425,0.834
114,NR17C2aF89P009,2.6,8.116,516,0.77
115,NR17C2aF89P010,2.8,7.551,560,0.779
116,NR17C2aF89P013,2.615,8.505,469,0.759
117,NR17C2aF89P014,2.97,9.275,499,0.78
118,NR17C2aF89P018,3.095,10.182,509,0.823
119,NR17C2aF89P020,3.28,9.148,624,0.653
120,NR17C2aF89P021,2.739,6.357,493,0.811
121,NR17C2aF89P028,2.8,9.054,524,0.79
122,NR17C2aF89P045,2.321,9.187,504,0.723
123,NR17C2aF89P050,3.55,7.736,550,0.834
124,NR17C2aF89P058,3.04,7.221,458,0.811
125,NR17C2aF89P067,2.593,7.554,604,0.594
126,NR17C2aF89P069,3.5,9.232,563,0.822
127,NR17C2aF89P084,2.652,7.909,482,0.834
128,NR17C2aF89P088,2.885,9.121,526,0.789
129,NR17C2aF89P091,2.8,9.705,522,0.732
130,NR17C2aF89P096,2.52,6.162,513,0.822
131,NR17C2aF89P102,2.875,7.315,604,0.75
132,NR17C2aF90P001,2.429,8.188,465,0.652
133,NR17C2aF90P007,2.367,9.567,583,0.812
134,NR17C2aF90P008,2.321,8.464,538,0.698
135,NR17C2aF91P001,2.727,6.103,508,0.769
136,NR17C2aF91P004,2.633,9.207,551,0.75
137,NR17C2aF91P006,3.619,7.438,582,0.79
138,NR17C2aF91P008,2.652,5.926,528,0.8
139,NR17C2aF91P011,2.565,7.75,612,0.769
140,NR17C2aF92P001,2.84,6.213,573,0.732
141,NR17C2aF92P002,2.407,7.959,584,0.811
142,NR17C2aF92P003,2.642,9.711,499,0.852
143,NR17C2aF92P005,3.174,8.839,599,0.822
144,NR17C2aF93P010,3.286,6.857,452,0.732
145,NR17C2aF94P013,2.8,6.663,550,0.723
146,NR17C2aF95P003,2.26,5.97,499.5,0.779
147,NR17C2aF95P009,2.8,6.969,606,0.834
148,NR17C2aF95P015,2.367,8.851,386,0.769
149,NR17C2aF95P021,2.423,9.554,563,0.79
150,NR17C2aF97P002,2.76,6.851,530,0.811
151,NR17C2aF98P001,2.54,8.739,557,0.718
152,NR17C2aF99P002,2.6,6.62,497,0.811
153,NR17C2aF9P010,2.6,8.989,494,0.86
154,NR17C2aF9P013,2.955,7.656,503,0.834
155,NR8082,2.84,7.6,580,0.857
156,TME419,2.833,9.778,612,0.87
157,TMEB7,2.81,6.103,442,0.822